dietid,username,expertid,dietstartdate,dietenddate
D101,RyaM,JoannM,2018-10-26,2018-11-25
D105,KatherinB,EriA,2017-08-13,2017-09-12
D106,LaureO,BoriM,2017-06-09,2017-07-09
D107,EllG,RicharC,2019-12-05,2020-01-04
D108,MegaP,ZoL,2016-12-20,2017-01-19
D109,EmmC,ThomaP,2015-11-10,2015-12-10
D110,JakS,DonnG,2019-10-31,2019-11-30
D111,PippV,RoberW,2017-07-28,2017-08-27
D112,ClairV,JameD,2020-03-12,2020-04-11
D113,EmmN,WandG,2020-02-21,2020-03-22
D114,JoaP,AndreR,2016-04-20,2016-05-20
D115,ConnoC,ChristiaB,2017-08-17,2017-09-16
D116,NataliT,DaY,2015-01-25,2015-02-24
D117,HarrP,VirginiH,2015-06-13,2015-07-13
D118,EmmK,RacheJ,2015-07-22,2015-08-21
D119,AdaS,DaW,2015-02-24,2015-03-26
D120,NicholaC,OliveC,2017-12-19,2018-01-18
D121,IrenD,FaitJ,2019-06-13,2019-07-13
D122,LilliaS,MichaeH,2015-01-09,2015-02-08
D123,StephaniN,SophiD,2018-10-31,2018-11-30
D124,AudreS,SimoB,2019-06-18,2019-07-18
D125,StepheP,HeatheD,2019-11-14,2019-12-14
D126,WarreH,TheresV,2019-12-14,2020-01-13
D127,ZoM,IsaaP,2017-03-23,2017-04-22
D128,PeteG,IsaaR,2018-02-06,2018-03-08
D129,AbigaiJ,LaureS,2019-03-05,2019-04-04
D130,JennifeB,JessicP,2018-08-06,2018-09-05
D131,ChristiaF,AndreK,2018-09-18,2018-10-18
D132,SaraJ,JasoS,2016-07-07,2016-08-06
D133,NeiB,RacheW,2018-07-18,2018-08-17
D134,OweM,RyaW,2019-11-18,2019-12-18
D135,AndreB,AnnP,2016-05-21,2016-06-20
D136,DianA,RyaH,2020-01-21,2020-02-20
D137,PhiP,EmilV,2018-04-09,2018-05-09
D138,SaK,LukM,2020-03-19,2020-04-18
D139,SophiS,FionP,2019-04-11,2019-05-11
D140,CameroU,AmandB,2018-02-18,2018-03-20
D141,NicholaH,PauS,2015-08-29,2015-09-28
D142,FranB,LeaA,2016-08-27,2016-09-26
D143,LilliaL,PierB,2020-03-05,2020-04-04
D144,MollB,AustiB,2019-02-15,2019-03-17
D145,NataliS,DeirdrD,2019-03-01,2019-03-31
D146,EmilM,TraceS,2015-04-18,2015-05-18
D147,AustiK,FelicitH,2015-02-27,2015-03-29
D148,ChristopheJ,AngelF,2017-04-29,2017-05-29
D149,JaD,SeaD,2015-03-05,2015-04-04
D150,GaviC,JennifeM,2016-10-08,2016-11-07
D151,StewarM,JoshuY,2020-03-03,2020-04-02
D152,SteveB,EriP,2016-04-16,2016-05-16
D153,CarH,KimberlC,2018-01-04,2018-02-03
D154,ChristiaR,AndreS,2017-06-13,2017-07-13
D155,AdaK,DylaA,2017-01-11,2017-02-10
D156,KyliC,NicholaJ,2016-10-18,2016-11-17
D157,LucaG,DeirdrJ,2017-06-07,2017-07-07
D158,LukC,KeitC,2016-01-08,2016-02-07
D159,YvonnN,NathaH,2019-01-05,2019-02-04
D160,DonnM,BrandoP,2019-01-13,2019-02-12
D161,SeaM,AdaD,2017-10-21,2017-11-20
D162,BriaS,LeaB,2017-06-29,2017-07-29
D163,KeviA,MatM,2017-09-19,2017-10-19
D164,DaviB,GracL,2019-09-16,2019-10-16
D165,AudreP,TheresM,2018-07-26,2018-08-25
D166,PierH,MichaeS,2015-04-21,2015-05-21
D167,SallL,JoshuH,2016-03-10,2016-04-09
