managementid,username,membershipid,expertid,gymid,joiningdate,expirydate
FMS01,AmV,M101,NULL,G101010101,2014-10-16,2014-11-15
FMS02,RyaM,M102,EriA,G101010105,2016-12-24,2017-01-23
FMS03,KatherinB,M103,BoriM,G101010106,2015-03-29,2015-04-28
FMS04,SamanthB,M101,NULL,G101010107,2017-06-08,2017-07-08
FMS05,LaureO,M102,ZoL,G101010108,2019-02-04,2019-03-06
FMS06,EllG,M103,ThomaP,G101010109,2017-02-06,2017-03-08
FMS07,JustiR,M101,NULL,G101010110,2019-12-28,2020-01-27
FMS08,MegaP,M102,RoberW,G101010111,2018-01-07,2018-02-06
FMS09,EmmC,M103,JameD,G101010112,2018-02-20,2018-03-22
FMS10,TheresH,M101,NULL,G101010113,2018-07-14,2018-08-13
FMS11,JakS,M102,AndreR,G101010114,2018-09-29,2018-10-29
FMS12,PippV,M103,ChristiaB,G101010115,2017-08-05,2017-09-04
FMS13,SeaS,M101,NULL,G101010116,2016-02-16,2016-03-17
FMS14,ClairV,M102,VirginiH,G101010101,2015-11-26,2015-12-26
FMS15,EmmN,M103,RacheJ,G101010105,2017-07-20,2017-08-19
FMS16,EmilM,M101,NULL,G101010106,2014-11-08,2014-12-08
FMS17,JoaP,M102,OliveC,G101010107,2018-07-13,2018-08-12
FMS18,ConnoC,M103,FaitJ,G101010108,2019-06-22,2019-07-22
FMS19,TrevoP,M101,NULL,G101010109,2014-11-04,2014-12-04
FMS20,NataliT,M102,SophiD,G101010110,2016-06-04,2016-07-04
FMS21,HarrP,M103,SimoB,G101010111,2016-03-06,2016-04-05
FMS22,MollY,M101,NULL,G101010112,2015-08-12,2015-09-11
FMS23,EmmK,M102,TheresV,G101010113,2017-12-28,2018-01-27
FMS24,AdaS,M103,IsaaP,G101010114,2019-11-26,2019-12-26
FMS25,RutJ,M101,NULL,G101010115,2017-04-22,2017-05-22
FMS26,NicholaC,M102,LaureS,G101010116,2015-04-05,2015-05-05
FMS27,IrenD,M103,JessicP,G101010101,2019-02-14,2019-03-16
FMS28,PhiS,M101,NULL,G101010105,2019-03-30,2019-04-29
FMS29,LilliaS,M102,JasoS,G101010106,2017-06-09,2017-07-09
FMS30,StephaniN,M103,RacheW,G101010107,2014-01-08,2014-02-07
FMS31,HeatheP,M101,NULL,G101010108,2014-01-13,2014-02-12
FMS32,AudreS,M102,AnnP,G101010109,2016-07-01,2016-07-31
FMS33,StepheP,M103,RyaH,G101010110,2018-12-03,2019-01-02
FMS34,ChloC,M101,NULL,G101010111,2017-04-10,2017-05-10
FMS35,WarreH,M102,LukM,G101010112,2015-05-09,2015-06-08
FMS36,ZoM,M103,FionP,G101010113,2015-04-15,2015-05-15
FMS37,ChristiaL,M101,NULL,G101010114,2017-02-07,2017-03-09
FMS38,PeteG,M102,PauS,G101010115,2016-11-26,2016-12-26
FMS39,AbigaiJ,M103,LeaA,G101010116,2016-03-31,2016-04-30
FMS40,OliveS,M101,NULL,G101010101,2017-04-19,2017-05-19
FMS41,JennifeB,M102,AustiB,G101010105,2016-01-11,2016-02-10
FMS42,ChristiaF,M103,DeirdrD,G101010106,2015-06-07,2015-07-07
FMS43,DominiM,M101,NULL,G101010107,2019-12-06,2020-01-05
FMS44,SaraJ,M102,FelicitH,G101010108,2016-01-29,2016-02-28
FMS45,NeiB,M103,AngelF,G101010109,2017-07-18,2017-08-17
FMS46,NataliK,M101,NULL,G101010110,2017-10-04,2017-11-03
FMS47,OweM,M102,JennifeM,G101010111,2015-04-30,2015-05-30
FMS48,AndreB,M103,JoshuY,G101010112,2019-04-30,2019-05-30
FMS49,MaB,M101,NULL,G101010113,2019-04-21,2019-05-21
FMS50,DianA,M102,KimberlC,G101010114,2014-03-28,2014-04-27
FMS51,PhiP,M103,AndreS,G101010115,2017-07-23,2017-08-22
FMS52,PenelopR,M101,NULL,G101010116,2014-12-15,2015-01-14
FMS53,SaK,M102,NicholaJ,G101010101,2014-11-11,2014-12-11
FMS54,SophiS,M103,DeirdrJ,G101010105,2018-05-08,2018-06-07
FMS55,SoniM,M101,NULL,G101010106,2019-09-22,2019-10-22
FMS56,CameroU,M102,NathaH,G101010107,2016-11-04,2016-12-04
FMS57,NicholaH,M103,BrandoP,G101010108,2015-01-03,2015-02-02
FMS58,JameG,M101,NULL,G101010109,2016-01-19,2016-02-18
FMS59,FranB,M102,LeaB,G101010110,2014-08-08,2014-09-07
FMS60,LilliaL,M103,MatM,G101010111,2014-12-18,2015-01-17
FMS61,CameroN,M101,NULL,G101010112,2018-02-03,2018-03-05
FMS62,MollB,M102,TheresM,G101010113,2017-09-29,2017-10-29
FMS63,NataliS,M103,MichaeS,G101010114,2015-06-27,2015-07-27
FMS64,BriaP,M101,NULL,G101010115,2015-06-16,2015-07-16
FMS65,EmilM,M102,BoriW,G101010116,2019-08-28,2019-09-27
FMS66,AustiK,M103,YvonnN,G101010113,2016-10-31,2016-11-30
FMS67,RacheM,M101,NULL,G101010114,2016-03-23,2016-04-22
FMS68,ChristopheJ,M102,GabriellM,G101010115,2017-07-20,2017-08-19
FMS69,JaD,M103,MichellB,G101010116,2017-03-18,2017-04-17
FMS70,KatherinG,M101,NULL,G101010113,2017-07-18,2017-08-17
FMS71,GaviC,M102,KeitN,G101010114,2018-07-27,2018-08-26
FMS72,StewarM,M103,JoshuB,G101010115,2018-09-23,2018-10-23
FMS73,ChristiaM,M101,NULL,G101010116,2017-09-07,2017-10-07
FMS74,SteveB,M102,WendB,G101010115,2014-06-13,2014-07-13
FMS75,CarH,M103,BernadettD,G101010116,2017-05-13,2017-06-12
FMS76,ThomaY,M101,NULL,G101010113,2015-04-24,2015-05-24
FMS77,ChristiaR,M102,StepheH,G101010114,2019-02-05,2019-03-07
FMS78,AdaK,M103,WarreH,G101010115,2017-02-27,2017-03-29
FMS79,ThomaH,M101,NULL,G101010116,2018-12-29,2019-01-28
FMS80,KyliC,M102,BlakU,G101010113,2019-07-29,2019-08-28
FMS81,LucaG,M103,CarolyM,G101010114,2020-03-20,2020-04-19
FMS82,PhiK,M101,NULL,G101010115,2015-11-20,2015-12-20
FMS83,LukC,M102,JonathaL,G101010116,2020-01-01,2020-01-31
FMS84,YvonnN,M103,ChristopheS,G101010115,2014-05-30,2014-06-29
FMS85,ElizabetN,M101,NULL,G101010116,2017-12-17,2018-01-16
FMS86,DonnM,M102,HannaP,G101010113,2017-10-16,2017-11-15
FMS87,SeaM,M103,BernadettC,G101010114,2018-09-23,2018-10-23
FMS88,SaraM,M101,NULL,G101010115,2014-09-11,2014-10-11
FMS89,BriaS,M102,ZoH,G101010116,2017-03-03,2017-04-02
FMS90,KeviA,M103,MichaeA,G101010113,2015-09-14,2015-10-14
FMS91,AndreG,M101,NULL,G101010114,2019-02-19,2019-03-21
FMS92,DaviB,M102,JacoV,G101010115,2016-08-18,2016-09-17
FMS93,AudreP,M103,MarF,G101010116,2017-10-28,2017-11-27
FMS94,DylaA,M101,NULL,G101010115,2020-02-24,2020-03-25
FMS95,PierH,M102,EmilE,G101010116,2019-09-15,2019-10-15
FMS96,SallL,M103,JameH,G101010113,2015-04-05,2015-05-05
FMS97,KyliB,M101,NULL,G101010114,2019-12-12,2021-04-23
FMS98,FaitS,M102,EriA,G101010115,2019-11-09,2021-03-11
FMS99,RosY,M103,BoriM,G101010116,2020-04-05,2020-10-28
FMS100,PippT,M101,NULL,G101010113,2020-03-23,2020-09-20
FMS101,MichaeG,M102,ThomaP,G101010114,2020-02-07,2020-07-13
FMS102,FelicitW,M103,RoberW,G101010115,2020-02-08,2021-05-03
FMS103,MarN,M101,NULL,G101010116,2020-02-27,2020-07-05
FMS104,LaureR,M102,AndreR,G101010115,2020-01-03,2020-06-23
FMS105,MaW,M103,ChristiaB,G101010116,2019-12-17,2021-01-19
FMS106,JacoL,M101,NULL,G101010113,2020-02-29,2020-05-24
FMS107,CarH,M102,RacheJ,G101010114,2019-11-17,2020-06-21
FMS108,JoannG,M103,OliveC,G101010115,2019-12-06,2020-08-19
FMS109,YvonnS,M101,NULL,G101010116,2020-03-05,2020-07-27
FMS110,TrevoB,M102,SophiD,G101010113,2020-02-12,2020-12-17
FMS111,ZoH,M103,SimoB,G101010114,2020-03-16,2021-04-21
FMS112,FelicitL,M101,NULL,G101010115,2020-01-01,2020-11-29
FMS113,DonnT,M102,IsaaP,G101010116,2020-01-19,2020-10-13
FMS114,JoaS,M102,LaureS,G101010115,2019-11-06,2020-09-15
FMS115,WandI,M101,NULL,G101010116,2019-11-12,2021-04-18
FMS116,PeteJ,M102,EriA,G101010113,2019-11-30,2020-09-07
FMS117,AdaU,M103,BoriM,G101010114,2020-03-20,2020-09-14
FMS118,StepheM,M101,NULL,G101010115,2020-01-06,2021-01-12
FMS119,KatherinJ,M102,RoberW,G101010116,2019-12-21,2020-11-17
FMS120,JustiM,M103,AndreR,G101010113,2020-02-24,2021-01-30
FMS121,KyliW,M101,NULL,G101010114,2020-02-20,2020-07-30
FMS122,SaS,M102,RacheJ,G101010115,2019-11-04,2020-05-15
FMS123,FaitE,M103,OliveC,G101010116,2019-11-06,2021-03-05
FMS124,DeirdrT,M101,NULL,G101010115,2020-02-01,2021-02-05
FMS125,GabriellL,M102,SimoB,G101010116,2020-02-20,2020-12-05
FMS126,JameA,M103,IsaaP,G101010116,2019-12-12,2020-10-08
FMS127,AmP,M101,NULL,G101010113,2020-02-13,2021-02-05
FMS128,PeteE,M102,EriA,G101010114,2020-03-23,2021-05-05
FMS129,JasoH,M103,BoriM,G101010115,2019-12-30,2020-09-26
FMS130,CarolinS,M101,NULL,G101010116,2020-04-01,2021-03-25
FMS131,LeonarV,M102,RoberW,G101010115,2019-12-02,2020-06-11
FMS132,PenelopN,M103,AndreR,G101010116,2020-03-01,2021-02-18
FMS133,ClairH,M101,NULL,G101010113,2020-02-12,2020-06-28
FMS134,AmandS,M102,RacheJ,G101010114,2019-12-09,2020-06-05
FMS135,EdwarS,M103,OliveC,G101010115,2020-02-06,2021-02-08
FMS136,KareW,M101,NULL,G101010116,2019-11-04,2020-10-15
FMS137,DianS,M102,SimoB,G101010113,2020-02-02,2020-12-24
FMS138,AdaB,M103,IsaaP,G101010114,2019-12-12,2020-09-06
FMS139,NicholaW,M101,NULL,G101010115,2020-02-22,2021-01-01
FMS140,SuF,M102,EriA,G101010116,2020-02-08,2020-06-15
FMS141,PenelopM,M103,BoriM,G101010115,2020-01-19,2020-05-09
FMS142,MatM,M101,NULL,G101010116,2020-01-20,2021-03-02
FMS143,FelicitM,M102,RoberW,G101010116,2020-03-07,2021-03-12
FMS144,PhiM,M103,AndreR,G101010113,2020-01-12,2021-01-13
FMS145,SuC,M101,NULL,G101010114,2020-03-26,2020-07-25
FMS146,AvH,M102,RacheJ,G101010115,2019-11-02,2020-08-18
FMS147,RutS,M103,OliveC,G101010116,2019-12-29,2021-04-03
FMS148,IrenN,M101,NULL,G101010115,2019-11-25,2021-04-17
FMS149,LeonarC,M102,SimoB,G101010116,2020-03-04,2020-05-07
FMS150,EvaG,M102,IsaaP,G101010113,2019-11-22,2021-04-17
FMS151,BernadettL,M101,NULL,G101010114,2019-11-04,2020-10-27
FMS152,JoaR,M102,EriA,G101010115,2019-12-10,2020-10-21
FMS153,LilS,M103,BoriM,G101010116,2020-03-05,2021-05-05
FMS154,DianS,M101,NULL,G101010113,2019-11-24,2021-05-15
FMS155,LeaL,M102,RoberW,G101010114,2019-11-03,2021-01-09
FMS156,RoberM,M103,AndreR,G101010115,2020-01-28,2021-03-08
FMS157,KareH,M101,NULL,G101010116,2019-11-12,2020-10-11
FMS158,NataliG,M102,RacheJ,G101010115,2019-12-09,2021-04-20
FMS159,AvE,M103,OliveC,G101010116,2019-12-02,2021-01-29
FMS160,AmandB,M101,NULL,G101010116,2019-12-02,2020-06-07
FMS161,JakH,M102,SimoB,G101010113,2019-11-13,2020-10-24
FMS162,EdwarT,M103,IsaaP,G101010114,2020-02-06,2020-08-28
FMS163,VictoriR,M101,NULL,G101010115,2019-12-27,2021-03-30
FMS164,PauR,M102,EriA,G101010116,2020-01-02,2020-12-29
FMS165,NathaC,M103,BoriM,G101010115,2019-11-12,2021-04-04
FMS166,JoannM,M101,NULL,G101010116,2019-11-05,2021-01-25
FMS167,KatherinF,M102,RoberW,G101010113,2020-03-07,2020-12-06
FMS168,RacheR,M102,AndreR,G101010114,2020-04-05,2021-04-26
FMS169,MollR,M101,NULL,G101010115,2020-02-19,2020-07-12
FMS170,AudreW,M102,RacheJ,G101010116,2019-11-26,2021-03-01
FMS171,IrenW,M103,OliveC,G101010113,2019-11-30,2021-03-31
FMS172,MadeleinC,M101,NULL,G101010114,2020-03-18,2020-09-19
FMS173,FelicitC,M102,SimoB,G101010115,2019-12-29,2021-03-22
FMS174,WilliaC,M103,IsaaP,G101010116,2020-03-27,2020-06-23
FMS175,ZoC,M101,NULL,G101010115,2020-02-21,2021-03-06
FMS176,JennifeT,M102,EriA,G101010116,2020-03-07,2021-01-11
FMS177,IaE,M103,BoriM,G101010116,2020-01-16,2020-05-06
FMS178,SebastiaM,M101,NULL,G101010113,2020-02-05,2021-02-20
FMS179,MegaH,M102,RoberW,G101010114,2020-03-12,2020-07-06
FMS180,AdaN,M103,AndreR,G101010115,2020-01-29,2020-07-27
FMS181,DianL,M101,NULL,G101010116,2019-12-09,2020-08-01
FMS182,LaureR,M102,RacheJ,G101010115,2019-11-24,2020-12-15
FMS183,AngelD,M103,OliveC,G101010116,2020-02-12,2021-04-29
FMS184,TheresF,M101,NULL,G101010113,2020-01-27,2020-05-14
FMS185,SebastiaK,M102,SimoB,G101010114,2019-12-04,2021-05-10
FMS186,JoaJ,M102,IsaaP,G101010115,2020-03-18,2020-07-26
FMS187,VictoR,M101,NULL,G101010116,2020-01-07,2020-08-08
FMS188,CharleW,M102,EriA,G101010113,2020-02-03,2020-07-15
FMS189,AvR,M103,BoriM,G101010114,2020-03-04,2020-06-06
FMS190,CameroG,M101,NULL,G101010115,2020-01-08,2020-06-08
FMS191,PauA,M102,RoberW,G101010116,2020-01-24,2020-06-28
FMS192,ColiG,M103,AndreR,G101010115,2020-03-21,2021-02-14
FMS193,CarolyF,M101,NULL,G101010116,2019-11-02,2020-12-22
FMS194,DominiH,M102,RacheJ,G101010116,2019-11-13,2021-03-05
FMS195,RicharS,M103,OliveC,G101010115,2019-11-21,2021-02-20
FMS196,MatB,M101,NULL,G101010116,2019-11-21,2021-01-11
