orderid,restaurantid
O101,r12345
O102,r12346
O103,r12347
O104,r12348
O105,r12349
O106,r12350
O107,r12351
O108,r12352
O109,r12353
O110,r12354
O111,r12355
O112,r12356
O113,r12357
O114,r12358
O115,r12359
O116,r12360
O117,r12361
O118,r12362
O119,r12363
O120,r12364
O121,r12365
O122,r12354
O123,r12355
O124,r12356
O125,r12357
O126,r12358
O127,r12359
O128,r12360
O129,r12361
O130,r12362
O131,r12363
O132,r12364
O133,r12365
O134,r12354
O135,r12355
O136,r12356
O137,r12357
O138,r12358
O139,r12359
O140,r12360
O141,r12361
O142,r12362
O143,r12363
O144,r12364
O145,r12365
O146,r12354
O147,r12355
O148,r12356
O149,r12357
O150,r12358
O151,r12359
O152,r12360
O153,r12361
O154,r12362
O155,r12363
O156,r12364
O157,r12365
O158,r12345
O159,r12346
O160,r12347
O161,r12348
O162,r12349
O163,r12350
O164,r12351
O165,r12352
O166,r12353
O167,r12354
O168,r12355
O169,r12356
O170,r12357
O171,r12358
O172,r12359
O173,r12360
O174,r12361
O175,r12362
O176,r12363
O177,r12364
O178,r12365
O179,r12354
O180,r12355
O181,r12356
O182,r12357
O183,r12358
O184,r12359
O185,r12360
O186,r12361
O187,r12362
O188,r12363
O189,r12364
O190,r12365
O191,r12354
O192,r12355
O193,r12356
O194,r12357
O195,r12358
O196,r12359
O197,r12360
O198,r12361
O199,r12362
O200,r12363
O201,r12364
O202,r12365
O203,r12354
O204,r12355
O205,r12356
O206,r12357
O207,r12358
O208,r12359
O209,r12360
O210,r12361
O211,r12362
O212,r12363
O213,r12364
O214,r12365
O215,r12345
O216,r12346
O217,r12347
O218,r12348
O219,r12349
O220,r12350
O221,r12351
O222,r12352
O223,r12353
O224,r12354
O225,r12355
O226,r12356
O227,r12357
O228,r12358
O229,r12359
O230,r12360
O231,r12361
O232,r12362
O233,r12363
O234,r12364
O235,r12365
O236,r12354
O237,r12355
O238,r12356
O239,r12357
O240,r12358
O241,r12359
O242,r12360
O243,r12361
O244,r12362
O245,r12363
O246,r12364
O247,r12365
O248,r12354
O249,r12355
O250,r12356
O251,r12357
O252,r12358
O253,r12359
O254,r12360
O255,r12361
O256,r12362
O257,r12363
O258,r12364
O259,r12365
O260,r12354
O261,r12355
O262,r12356
O263,r12357
O264,r12358
O265,r12359
O266,r12360
O267,r12361
O268,r12362
O269,r12363
O270,r12364
O271,r12365
O272,r12345
O273,r12346
O274,r12347
O275,r12348
O276,r12349
O277,r12350
O278,r12351
O279,r12352
O280,r12353
O281,r12354
O282,r12355
O283,r12356
O284,r12357
O285,r12358
O286,r12359
O287,r12360
O288,r12361
O289,r12362
O290,r12363
O291,r12364
O292,r12365
O293,r12354
O294,r12355
O295,r12356
O296,r12357
O297,r12358
O298,r12359
O299,r12360
O300,r12361
O301,r12362
O302,r12363
O303,r12364
O304,r12365
O305,r12354
O306,r12355
O307,r12356
O308,r12357
O309,r12358
O310,r12359
O311,r12360
O312,r12361
O313,r12362
O314,r12363
O315,r12364
O316,r12365
O317,r12354
O318,r12355
O319,r12356
O320,r12357
O321,r12358
O322,r12359
O323,r12360
O324,r12361
O325,r12362
O326,r12363
O327,r12364
O328,r12365
O329,r12345
O330,r12346
O331,r12347
O332,r12348
O333,r12349
O334,r12350
O335,r12351
O336,r12352
O337,r12353
O338,r12354
O339,r12355
O340,r12356
O341,r12357
O342,r12358
O343,r12359
O344,r12360
O345,r12361
O346,r12362
O347,r12363
O348,r12364
O349,r12365
O350,r12354
O351,r12355
O352,r12356
O353,r12357
O354,r12358
O355,r12359
O356,r12360
O357,r12361
O358,r12362
O359,r12363
O360,r12364
O361,r12365
O362,r12354
O363,r12355
O364,r12356
O365,r12357
O366,r12358
O367,r12359
O368,r12360
O369,r12361
O370,r12362
O371,r12363
O372,r12364
O373,r12365
O374,r12354
O375,r12355
O376,r12356
O377,r12357
O378,r12358
O379,r12359
O380,r12360
O381,r12361
O382,r12362
O383,r12363
O384,r12364
O385,r12365
O386,r12345
O387,r12346
O388,r12347
O389,r12348
O390,r12349
O391,r12350
O392,r12351
O393,r12352
O394,r12353
O395,r12354
O396,r12355
O397,r12356
O398,r12357
O399,r12358
O400,r12359
O401,r12360
O402,r12361
O403,r12362
O404,r12363
O405,r12364
O406,r12365
O407,r12354
O408,r12355
O409,r12356
O410,r12357
O411,r12358
O412,r12359
O413,r12360
O414,r12361
O415,r12362
O416,r12363
O417,r12364
O418,r12365
O419,r12354
O420,r12355
O421,r12356
O422,r12357
O423,r12358
O424,r12359
O425,r12360
O426,r12361
O427,r12362
O428,r12363
O429,r12364
O430,r12365
O431,r12354
O432,r12355
O433,r12356
O434,r12357
O435,r12358
O436,r12359
O437,r12360
O438,r12361
O439,r12362
O440,r12363
O441,r12364
O442,r12365
O443,r12345
O444,r12346
O445,r12347
O446,r12348
O447,r12349
O448,r12350
O449,r12351
O450,r12352
O451,r12353
O452,r12354
O453,r12355
O454,r12356
O455,r12357
O456,r12358
O457,r12359
O458,r12360
O459,r12361
O460,r12362
O461,r12363
O462,r12364
O463,r12365
O464,r12354
O465,r12355
O466,r12356
O467,r12357
O468,r12358
O469,r12359
O470,r12360
O471,r12361
O472,r12362
O473,r12363
O474,r12364
O475,r12365
O476,r12354
O477,r12355
O478,r12356
O479,r12357
O480,r12358
O481,r12359
O482,r12360
O483,r12361
O484,r12362
O485,r12363
O486,r12364
O487,r12365
O488,r12354
O489,r12355
O490,r12356
O491,r12357
O492,r12358
O493,r12359
O494,r12360
O495,r12361
O496,r12362
O497,r12363
O498,r12364
O499,r12365
O500,r12345
O501,r12346
O502,r12347
O503,r12348
O504,r12349
O505,r12350
O506,r12351
O507,r12352
O508,r12353
O509,r12354
O510,r12355
O511,r12356
O512,r12357
O513,r12358
O514,r12359
O515,r12360
O516,r12361
O517,r12362
O518,r12363
O519,r12364
O520,r12365
O521,r12354
O522,r12355
O523,r12356
O524,r12357
O525,r12358
O526,r12359
O527,r12360
O528,r12361
O529,r12362
O530,r12363
O531,r12364
O532,r12365
O533,r12354
O534,r12355
O535,r12356
O536,r12357
O537,r12358
O538,r12359
O539,r12360
O540,r12361
O541,r12362
O542,r12363
O543,r12364
O544,r12365
O545,r12354
O546,r12355
O547,r12356
O548,r12357
O549,r12358
O550,r12359
O551,r12360
O552,r12361
O553,r12362
O554,r12363
O555,r12364
O556,r12365
O557,r12345
O558,r12346
O559,r12347
O560,r12348
O561,r12349
O562,r12350
O563,r12351
O564,r12352
O565,r12353
O566,r12354
O567,r12355
O568,r12356
O569,r12357
O570,r12358
O571,r12359
O572,r12360
O573,r12361
O574,r12362
O575,r12363
O576,r12364
O577,r12365
O578,r12354
O579,r12355
O580,r12356
O581,r12357
O582,r12358
O583,r12359
O584,r12360
O585,r12361
O586,r12362
O587,r12363
O588,r12364
O589,r12365
O590,r12354
O591,r12355
O592,r12356
O593,r12357
O594,r12358
O595,r12359
O596,r12360
O597,r12361
O598,r12362
O599,r12363
O600,r12364
O601,r12365
O602,r12354
O603,r12355
O604,r12356
O605,r12357
O606,r12358
O607,r12359
O608,r12360
O609,r12361
O610,r12362
O611,r12363
O612,r12364
O613,r12365
O614,r12345
O615,r12346
O616,r12347
O617,r12348
O618,r12349
O619,r12350
O620,r12351
O621,r12352
O622,r12353
O623,r12354
O624,r12355
O625,r12356
O626,r12357
O627,r12358
O628,r12359
O629,r12360
O630,r12361
O631,r12362
O632,r12363
O633,r12364
O634,r12365
O635,r12354
O636,r12355
O637,r12356
O638,r12357
O639,r12358
O640,r12359
O641,r12360
O642,r12361
O643,r12362
O644,r12363
O645,r12364
O646,r12365
O647,r12354
O648,r12355
O649,r12356
O650,r12357
O651,r12358
O652,r12359
O653,r12360
O654,r12361
O655,r12362
O656,r12363
O657,r12364
O658,r12365
O659,r12354
O660,r12355
O661,r12356
O662,r12357
O663,r12358
O664,r12359
O665,r12360
O666,r12361
O667,r12362
O668,r12363
O669,r12364
O670,r12365
O671,r12345
O672,r12346
O673,r12347
O674,r12348
O675,r12349
O676,r12350
O677,r12351
O678,r12352
O679,r12353
O680,r12354
O681,r12355
O682,r12356
O683,r12357
O684,r12358
O685,r12359
O686,r12360
O687,r12361
O688,r12362
O689,r12363
O690,r12364
O691,r12365
O692,r12354
O693,r12355
O694,r12356
O695,r12357
O696,r12358
O697,r12359
O698,r12360
O699,r12361
O700,r12362
O701,r12363
O702,r12364
O703,r12365
O704,r12354
O705,r12355
O706,r12356
O707,r12357
O708,r12358
O709,r12359
O710,r12360
O711,r12361
O712,r12362
O713,r12363
O714,r12364
O715,r12365
O716,r12354
O717,r12355
O718,r12356
O719,r12357
O720,r12358
O721,r12359
O722,r12360
O723,r12361
O724,r12362
O725,r12363
O726,r12364
O727,r12365
O728,r12345
O729,r12346
O730,r12347
O731,r12348
O732,r12349
O733,r12350
O734,r12351
O735,r12352
O736,r12353
O737,r12354
O738,r12355
O739,r12356
O740,r12357
O741,r12358
O742,r12359
O743,r12360
O744,r12361
O745,r12362
O746,r12363
O747,r12364
O748,r12365
O749,r12354
O750,r12355
O751,r12356
O752,r12357
O753,r12358
O754,r12359
O755,r12360
O756,r12361
O757,r12362
O758,r12363
O759,r12364
O760,r12365
O761,r12354
O762,r12355
O763,r12356
O764,r12357
O765,r12358
O766,r12359
O767,r12360
O768,r12361
O769,r12362
O770,r12363
O771,r12364
O772,r12365
O773,r12354
O774,r12355
O775,r12356
O776,r12357
O777,r12358
O778,r12359
O779,r12360
O780,r12361
O781,r12362
O782,r12363
O783,r12364
O784,r12365
O785,r12345
O786,r12346
O787,r12347
O788,r12348
O789,r12349
O790,r12350
O791,r12351
O792,r12352
O793,r12353
O794,r12354
O795,r12355
O796,r12356
O797,r12357
O798,r12358
O799,r12359
O800,r12360
O801,r12361
O802,r12362
O803,r12363
O804,r12364
O805,r12365
O806,r12354
O807,r12355
O808,r12356
O809,r12357
O810,r12358
O811,r12359
O812,r12360
O813,r12361
O814,r12362
O815,r12363
O816,r12364
O817,r12365
O818,r12354
O819,r12355
O820,r12356
O821,r12357
O822,r12358
O823,r12359
O824,r12360
O825,r12361
O826,r12362
O827,r12363
O828,r12364
O829,r12365
O830,r12354
O831,r12355
O832,r12356
O833,r12357
O834,r12358
O835,r12359
O836,r12360
O837,r12361
O838,r12362
O839,r12363
O840,r12364
O841,r12365
O842,r12345
O843,r12346
O844,r12347
O845,r12348
O846,r12349
O847,r12350
O848,r12351
O849,r12352
O850,r12353
O851,r12354
O852,r12355
O853,r12356
O854,r12357
O855,r12358
O856,r12359
O857,r12360
O858,r12361
O859,r12362
O860,r12363
O861,r12364
O862,r12365
O863,r12354
O864,r12355
O865,r12356
O866,r12357
O867,r12358
O868,r12359
O869,r12360
O870,r12361
O871,r12362
O872,r12363
O873,r12364
O874,r12365
O875,r12354
O876,r12355
O877,r12356
O878,r12357
O879,r12358
O880,r12359
O881,r12360
O882,r12361
O883,r12362
O884,r12363
O885,r12364
O886,r12365
O887,r12354
O888,r12355
O889,r12356
O890,r12357
O891,r12358
O892,r12359
O893,r12360
O894,r12361
O895,r12362
O896,r12363
O897,r12364
O898,r12365
O899,r12365
